{"cameraMode":{"drawMode":0,"name":"Shaded","section":"Shading Mode"},"sceneLighting":false,"audioPlay":false,"sceneViewState":{"m_AlwaysRefresh":false,"showFog":true,"showSkybox":true,"showFlares":true,"showImageEffects":true,"showParticleSystems":true,"showVisualEffectGraphs":true,"m_FxEnabled":true},"in2DMode":false,"pivot":{"x":711.064697265625,"y":679.8162841796875,"z":-365.37969970703127},"rotation":{"x":0.0066095683723688129,"y":-0.0009047553758136928,"z":0.000013060003766440786,"w":0.999997615814209},"size":388.8647155761719,"orthographic":false}